Name,Exact Matches #,Mean MSE,Max MSE,Min MSE,Mean MAE,Max MAE,Min MAE,Mean Correct R #,Mean Detected R #,Mean TP,Mean FP,Mean Performance,Mean Acc,Mean Err,Mean mean_deviation,Mean std_deviation,Mean mean_ref_ibi,Max mean_ref_ibi,Min mean_ref_ibi,Mean std_ref_ibi,Max std_ref_ibi,Min std_ref_ibi,Mean mean_test_ibi,Max mean_test_ibi,Min mean_test_ibi,Mean std_test_ibi,Max std_test_ibi,Min std_test_ibi
Biosppy+christov2004+Kubios,4086,1235.9280517363627,20945.0,0.7647058823529411,15.886209341263964,144.66666666666666,0.625,11.534832451499119,11.730820105820106,10.595017636684304,0.8116181657848325,0.9150366016989363,0.9270387046816376,0.0729612953183624,0.014615574695852394,0.0073430499205387485,0.8811689273220868,1.49,0.395,0.036839393562929965,0.5140330728659392,0.0,0.8805292192582866,1.48,0.3952173913043479,0.03611894026002064,0.4626877997094801,0.0
Biosppy+christov2004,3903,1286.3373087943016,21149.0,0.7333333333333333,16.354744762018154,145.33333333333334,0.625,11.534832451499119,11.770723104056437,10.70623897707231,0.7741402116402116,0.9255331511092512,0.9309103330924914,0.06908966690750858,0.014561990590735797,0.007298744616404015,0.8811689273220868,1.49,0.395,0.036839393562929965,0.5140330728659392,0.0,0.8804537845390782,1.48,0.3952173913043478,0.03678822796432411,0.4626877997094801,0.0
Biosppy+elgendi2010+Kubios,5785,673.6309785498376,16093.75,0.0,8.019103285362666,124.25,0.0,11.534832451499119,11.771715167548502,11.165454144620812,0.2759038800705467,0.9664484251208324,0.9750454175668203,0.024954582433179863,0.00276159342773066,0.003342680859727558,0.8811689273220868,1.49,0.395,0.036839393562929965,0.5140330728659392,0.0,0.8808695421240295,1.48,0.3947826086956522,0.03584623408215034,0.5058458263146983,0.0
Biosppy+elgendi2010,5789,676.1047452766564,16093.75,0.0,7.981824285039499,124.25,0.0,11.534832451499119,11.771935626102293,11.229387125220459,0.27369929453262787,0.9724770961774257,0.975396757786712,0.02460324221328805,0.0025871246419749867,0.0030715839440346323,0.8811689273220868,1.49,0.395,0.036839393562929965,0.5140330728659392,0.0,0.8813432399744704,1.48,0.3947826086956522,0.03685022828034979,0.5058458263146983,0.0
Biosppy+hamilton2002+Kubios,3177,312.2034214675801,8634.1,1.5555555555555556,8.529601402382045,92.7,0.9230769230769232,11.534832451499119,12.75518077601411,7.239528218694885,4.550264550264551,0.615364282597837,0.6183193880000235,0.38168061199997655,0.02548470303689743,0.008124847561180513,0.8811689273220868,1.49,0.395,0.036839393562929965,0.5140330728659392,0.0,0.8775382087128831,1.49,0.3941666666666667,0.05704519849236926,0.5444722215136415,0.0
Biosppy+hamilton2002,2963,313.8392889293695,8634.1,1.5,8.400508522876711,92.7,0.9230769230769232,11.534832451499119,12.791005291005291,7.339836860670194,4.484126984126984,0.6244372222746667,0.6246269172893716,0.37537308271062847,0.025533611156681277,0.008081856219176443,0.8811689273220868,1.49,0.395,0.036839393562929965,0.5140330728659392,0.0,0.8778328224411308,1.49,0.3941666666666667,0.058515680809896276,0.5444722215136415,0.0
Biosppy+kalidas2017+Kubios,4478,1015.6447137010753,18987.14285714286,1.0,14.564823442769043,137.71428571428572,0.6153846153846154,11.534832451499119,11.796516754850089,10.488205467372135,0.6389991181657848,0.9059702086417983,0.9392782032168745,0.060721796783125545,0.022321280354109338,0.0036782421748333643,0.8811689273220868,1.49,0.395,0.036839393562929965,0.5140330728659392,0.0,0.8812860505925579,1.48,0.39,0.03662801474219009,0.5303300858899106,0.0
Biosppy+kalidas2017,4280,1058.8936921714896,18987.14285714286,1.0,14.998914329725272,137.71428571428572,0.6153846153846154,11.534832451499119,11.823963844797179,10.629188712522046,0.5910493827160493,0.919291953088383,0.9440539605597112,0.055946039440288746,0.022304361394005427,0.0035220643905631423,0.8811689273220868,1.49,0.395,0.036839393562929965,0.5140330728659392,0.0,0.8827837860962654,1.48,0.39,0.03848381764938878,0.5398379386445529,0.0
Biosppy+koka2022+Kubios,4960,915.1011131599008,19579.571428571428,0.0,11.87070879782551,139.85714285714286,0.0,11.534832451499119,11.735559964726631,10.29783950617284,1.0093694885361553,0.8875286943972763,0.9073712852297642,0.09262871477023583,0.0027354723118077824,0.0032681902612171757,0.8811689273220868,1.49,0.395,0.036839393562929965,0.5140330728659392,0.0,0.8808171430804879,1.48,0.395,0.03605906741846493,0.4081298812878077,0.0
Biosppy+koka2022,4858,923.4587114546046,19579.571428571428,0.0,11.868662387307761,139.85714285714286,0.0,11.534832451499119,11.75,10.40002204585538,0.9636243386243386,0.8966678788143221,0.9116769204784255,0.08832307952157463,0.002582035598796123,0.0030040997411821275,0.8811689273220868,1.49,0.395,0.036839393562929965,0.5140330728659392,0.0,0.8815544022278111,1.48,0.395,0.03783250887148643,0.5340724045795039,0.0
Biosppy+martinez2004+Kubios,3740,473.353539610233,37882.09090909091,0.0,5.817720925517743,180.63636363636363,0.0,11.534832451499119,8.109347442680775,7.180665784832452,0.6532186948853616,0.6212161940047533,0.8144795288975183,0.11618625593493317,0.0026043940897203153,0.0028167958250116453,0.8208407851073145,1.49,0.0,0.03410139233547407,0.5140330728659392,0.0,0.8132841820027789,1.49,0.0,0.040988534487686676,0.7707463914933368,0.0
Biosppy+martinez2004,3427,489.93898010166004,37882.09090909091,0.0,5.787802903557076,180.63636363636363,0.0,11.534832451499119,8.05302028218695,7.169863315696649,0.6458333333333334,0.6204347411863455,0.8146302193177193,0.11603556551473217,0.0024546196041408887,0.0025745445205775886,0.8208407851073145,1.49,0.0,0.03410139233547407,0.5140330728659392,0.0,0.8146943819736412,1.49,0.0,0.04456306315776213,0.7707463914933368,0.0
Biosppy+nabian2018+Kubios,3401,784.9330986576896,15484.857142857143,0.25,9.726238057981135,124.28571428571428,0.25,11.534832451499119,10.79783950617284,10.670414462081128,0.005621693121693121,0.9266768158136751,0.9993745403136937,0.000625459686306247,0.011754822319148994,0.003280889229214629,0.8811689273220868,1.49,0.395,0.036839393562929965,0.5140330728659392,0.0,0.8817061527382887,1.48,0.4275,0.03530699705832614,0.5456189146281496,0.0
Biosppy+nabian2018,3407,835.8293715026789,15484.857142857143,0.25,10.220152814196902,124.28571428571428,0.25,11.534832451499119,10.806547619047619,10.71141975308642,0.005511463844797178,0.9302679473630677,0.999403720055175,0.0005962799448249184,0.01164678604846038,0.003018329958247858,0.8811689273220868,1.49,0.395,0.036839393562929965,0.5140330728659392,0.0,0.8817916948953373,1.48,0.4275,0.03622639784163806,0.5121816084163897,0.0
Biosppy+Neurokit+Kubios,5784,902.1659382103949,15734.42857142857,0.0,10.472662055460292,125.28571428571428,0.0,11.534832451499119,11.35405643738977,11.108245149911816,0.0068342151675485005,0.9636071733375758,0.9992666030447114,0.0007333969552884897,0.002790307676136709,0.003373952474528432,0.8811689273220868,1.49,0.395,0.036839393562929965,0.5140330728659392,0.0,0.8812764059038396,1.48,0.395,0.035694332780687996,0.6717514421272202,0.0
Biosppy+Neurokit,5696,917.8882893653722,15734.42857142857,0.0,10.59567566638187,125.28571428571428,0.0,11.534832451499119,11.369929453262786,11.153990299823633,0.006723985890652557,0.9675603766439927,0.99928594088647,0.0007140591135300128,0.002586914207595205,0.003063548031776452,0.8811689273220868,1.49,0.395,0.036839393562929965,0.5140330728659392,0.0,0.8814688109882568,1.48,0.395,0.03663027001177855,0.5121816084163897,0.0
Biosppy+pantompkins1985+Kubios,3975,267.960995739055,16537.272727272728,1.3333333333333333,6.688024578057524,123.125,0.6666666666666666,11.534832451499119,11.886904761904763,8.031194885361552,1.7222222222222223,0.6904705905278531,0.8094142049941475,0.19058579500585252,0.023189168787527546,0.00943515952517904,0.8811689273220868,1.49,0.395,0.036839393562929965,0.5140330728659392,0.0,0.8986639735668348,1.49,0.39,0.06887974770743119,0.5939696961966999,0.0
Biosppy+pantompkins1985,3828,276.33646442333264,16537.272727272728,1.3333333333333333,6.693379766450981,123.125,0.6666666666666666,11.534832451499119,11.918540564373897,8.108796296296296,1.6786816578483246,0.6980257250149535,0.8142364256917517,0.1857635743082484,0.023163445353801312,0.009383246849885873,0.8811689273220868,1.49,0.395,0.036839393562929965,0.5140330728659392,0.0,0.8994136887243616,1.48,0.4104347826086955,0.07075547154767839,0.6929646455628167,0.0
Biosppy+promac+Kubios,5575,412.11992695150747,17522.714285714286,0.0,5.2154785512469894,132.14285714285714,0.0,11.534832451499119,11.95326278659612,11.296516754850089,0.32671957671957674,0.9784946959826207,0.9708963053747477,0.02910369462525229,0.005502188663584584,0.006208646690533177,0.8811689273220868,1.49,0.395,0.036839393562929965,0.5140330728659392,0.0,0.881988296847645,1.48,0.3954166666666667,0.03674794561434909,0.6576093065034891,0.0
Biosppy+promac+Kubios_optimized,6122,283.594974778239,18409.42857142857,0.0,3.641236835499865,133.14285714285714,0.0,11.534832451499119,11.890542328042327,11.325617283950617,0.2768959435626102,0.9810098999966089,0.9748270481061276,0.02517295189387235,0.0026213024175016607,0.0031171637023312705,0.8811689273220868,1.49,0.395,0.036839393562929965,0.5140330728659392,0.0,0.8815404706826535,1.48,0.395,0.036221961279757256,0.3908233068061028,0.0
Biosppy+promac,5474,418.7214405446187,17522.714285714286,0.0,5.233323834800773,132.14285714285714,0.0,11.534832451499119,11.965388007054674,11.36629188712522,0.3246252204585538,0.9850844862174548,0.9713559337154937,0.028644066284506227,0.005384228462366914,0.0060757519448204865,0.8811689273220868,1.49,0.395,0.036839393562929965,0.5140330728659392,0.0,0.8823859560974675,1.48,0.3954166666666667,0.037825615348322135,0.5039543630131601,0.0
Biosppy+promac_optimized,5424,132.46354715746588,18409.42857142857,0.0,1.8248842271052168,133.14285714285714,0.0,11.534832451499119,11.989638447971782,11.376984126984127,0.29916225749559083,0.985774762305953,0.9731112623914994,0.026888737608500652,0.002616037252066871,0.0031172875086678616,0.8811689273220868,1.49,0.395,0.036839393562929965,0.5140330728659392,0.0,0.8815656486765316,1.48,0.395,0.036924678206609024,0.5121816084163897,0.0
Biosppy+rodrigues2021+Kubios,1978,59.31435106065679,17698.69230769231,0.0,1.2562339584259898,126.53846153846152,0.0,11.534832451499119,13.47255291005291,11.450727513227513,1.0677910052910053,0.9940577105266377,0.9143035146618178,0.08569648533818211,0.005692184434357327,0.005380206591504224,0.8811689273220868,1.49,0.395,0.036839393562929965,0.5140330728659392,0.0,0.8816736793516785,1.48,0.395,0.03766624345822632,0.3822302970723279,0.0
Biosppy+rodrigues2021,1217,102.50405601305437,17698.69230769231,0.0,1.555277797852158,126.53846153846152,0.0,11.534832451499119,13.748787477954144,11.811618165784832,1.0307539682539681,1.0259890310333624,0.9193737549106527,0.08062624508934739,0.005794879316787936,0.005554589714113806,0.8811689273220868,1.49,0.395,0.036839393562929965,0.5140330728659392,0.0,0.8810484755015826,1.48,0.395,0.03723380705206902,0.508546949651652,0.0
Biosppy+zong2003+Kubios,2170,290.0641440020442,21534.33333333333,0.0,4.716419172084644,146.66666666666666,0.0,11.534832451499119,13.43099647266314,9.988646384479718,1.8719135802469136,0.8549090843146101,0.8361066475102682,0.16389335248973183,0.008033390498728171,0.0065502838757885715,0.8811689273220868,1.49,0.395,0.036839393562929965,0.5140330728659392,0.0,0.8787825312694943,1.46,0.3949999999999999,0.0389553410708657,0.4563222545526352,0.0
Biosppy+zong2003,2087,293.1710780385341,21739.666666666668,0.0,4.6611793755817,147.33333333333334,0.0,11.534832451499119,13.427579365079366,10.321318342151676,1.693562610229277,0.8878243820186028,0.8532596107217754,0.1467403892782246,0.007833731142598208,0.0063594477277400165,0.8811689273220868,1.49,0.395,0.036839393562929965,0.5140330728659392,0.0,0.882163007523875,1.46,0.3949999999999999,0.04041620069876256,0.5232590180780452,0.0
elgendi2010+christov2004+Kubios,4447,1106.408191452437,29192.7,0.3333333333333333,13.841153050922667,148.3,0.3333333333333333,11.534832451499119,11.754409171075837,10.712301587301587,0.7785493827160493,0.9268002298924959,0.9317492164525634,0.06825078354743676,0.01652155240109599,0.007958759888263767,0.8811689273220868,1.49,0.395,0.036839393562929965,0.5140330728659392,0.0,0.8825251439364727,1.49,0.3952173913043478,0.03727531966091429,0.4566399018920707,0.0
elgendi2010+christov2004,4270,1148.9009219837674,29192.7,0.3333333333333333,14.218160552917315,148.3,0.3333333333333333,11.534832451499119,11.804012345679013,10.790784832451498,0.7876984126984127,0.9341843700649582,0.9317926041384386,0.06820739586156152,0.016539656028091997,0.007881711110488155,0.8811689273220868,1.49,0.395,0.036839393562929965,0.5140330728659392,0.0,0.8823747095664246,1.49,0.3952173913043478,0.03771596140104684,0.4566399018920707,0.0
elgendi2010+elgendi2010+Kubios,6002,754.5025829554241,16344.625,0.0,13.315304575783966,127.625,0.0,11.534832451499119,11.779210758377426,1.9750881834215168,7.920634920634921,0.17495999275465512,0.2755394166429414,0.7244605833570585,0.010120750330858836,0.004048664603139588,0.8811689273220868,1.49,0.395,0.036839393562929965,0.5140330728659392,0.0,0.917817280069256,1.49,0.4275,0.050830019680012564,0.5444722215136415,0.0
elgendi2010+elgendi2010,5975,760.3069573255661,16344.625,0.0,13.370248637461687,127.625,0.0,11.534832451499119,11.786816578483245,1.9096119929453264,8.078924162257495,0.16949364232904177,0.26696435121899054,0.7330356487810095,0.007540471870755835,0.0023907804826576533,0.8811689273220868,1.49,0.395,0.036839393562929965,0.5140330728659392,0.0,0.9257168546898372,1.49,0.4275,0.056883078018143,0.5798275605729689,0.0
elgendi2010+hamilton2002+Kubios,3833,393.5380760003289,15810.09090909091,11.0,10.298775129009876,111.1818181818182,3.0,11.534832451499119,12.11166225749559,1.1420855379188712,7.402226631393298,0.09755499144622862,0.2258343347099628,0.7741656652900372,0.02313303404318835,0.0033676494727703093,0.8811689273220868,1.49,0.395,0.036839393562929965,0.5140330728659392,0.0,0.8950619330255272,1.49,0.445,0.03971698932798337,0.551543289325507,0.0
elgendi2010+hamilton2002,3737,402.2778144662132,15810.09090909091,11.0,10.35347058965051,111.1818181818182,3.0,11.534832451499119,12.140432098765432,1.0616181657848325,7.704585537918871,0.0911501026714592,0.21067440707793378,0.7893255929220662,0.022806508003662167,0.0026471752356761777,0.8811689273220868,1.49,0.395,0.036839393562929965,0.5140330728659392,0.0,0.92115509589165,1.49,0.51,0.047079503137715986,0.551543289325507,0.0
elgendi2010+kalidas2017+Kubios,4964,913.5205316856004,22420.0,0.0,11.942234608813317,149.66666666666666,0.0,11.534832451499119,11.575617283950617,10.800154320987655,0.44113756613756616,0.9342862562238885,0.9585957454172851,0.04140425458271492,0.015073804639594412,0.004370124371187456,0.8811689273220868,1.49,0.395,0.036839393562929965,0.5140330728659392,0.0,0.8817827764318202,1.49,0.395,0.03602047730346801,0.4001406002894482,0.0
elgendi2010+kalidas2017,4826,932.8809350384428,22629.33333333333,0.0,12.116762521883295,150.33333333333334,0.0,11.534832451499119,11.59347442680776,10.885912698412698,0.4149029982363316,0.9423878053716422,0.9614417588550352,0.03855824114496479,0.015076820844022901,0.004211722257309427,0.8811689273220868,1.49,0.395,0.036839393562929965,0.5140330728659392,0.0,0.8820061912490357,1.48,0.395,0.037184869918425414,0.4108527716834828,0.0
elgendi2010+koka2022+Kubios,4987,909.1291547306428,21369.666666666668,0.0,11.519573784621986,146.0,0.0,11.534832451499119,11.750771604938272,10.014770723104057,0.7819664902998237,0.8718748280061571,0.9231410435665458,0.07685895643345435,0.005501812227735555,0.005286663323625725,0.8811689273220868,1.49,0.395,0.036839393562929965,0.5140330728659392,0.0,0.8948130707859615,1.49,0.395,0.050915080869521075,0.5374011537017761,0.0
elgendi2010+koka2022,4867,921.1628408613697,21777.666666666668,0.0,11.597221090473212,147.33333333333334,0.0,11.534832451499119,11.769620811287478,10.06933421516755,0.7643298059964727,0.8774152032613679,0.9250675513131593,0.07493244868684079,0.0052848583538200895,0.004953486522943346,0.8811689273220868,1.49,0.395,0.036839393562929965,0.5140330728659392,0.0,0.8962271170564075,1.49,0.4309090909090909,0.05367905713851628,0.5374011537017761,0.0
elgendi2010+martinez2004+Kubios,3553,266.53668344375126,17762.285714285714,16.818181818181817,9.682355259468407,133.14285714285714,4.090909090909091,11.534832451499119,8.943893298059965,0.2605820105820106,7.621252204585538,0.025910424524941442,0.10033748738279161,0.8453194791075083,0.00603732081067721,0.000937727940096985,0.8348416064437052,1.49,0.0,0.03484553840298367,0.5140330728659392,0.0,0.3139116338951311,1.49,0.0,0.002542804229062658,0.5303300858899106,0.0
elgendi2010+martinez2004,3024,405.11213797451984,17762.285714285714,16.818181818181817,11.108306986647253,133.14285714285714,4.090909090909091,11.534832451499119,8.913359788359788,0.25496031746031744,7.614969135802469,0.02555313839233824,0.09811535343942751,0.8475416130508723,0.004737490434224492,0.0008725823935669117,0.8348416064437052,1.49,0.0,0.03484553840298367,0.5140330728659392,0.0,0.3129511048425012,1.49,0.0,0.002812814124561912,0.5303300858899106,0.0
elgendi2010+nabian2018+Kubios,3366,876.9787767843333,16844.428571428572,0.0,13.259905955672101,126.57142857142856,0.0,11.534832451499119,10.823743386243386,2.239748677248677,6.773589065255732,0.19630042530608338,0.32480853645920366,0.6751914635407963,0.010489600889429643,0.004057590108793933,0.8811689273220868,1.49,0.395,0.036839393562929965,0.5140330728659392,0.0,0.9104248787442579,1.49,0.41,0.05397051325898138,0.5444722215136415,0.0
elgendi2010+nabian2018,3332,981.5165316809903,16844.428571428572,0.0,14.28978069081951,126.57142857142856,0.0,11.534832451499119,10.845017636684304,2.1539902998236333,6.912037037037037,0.1890325648625815,0.3152059771810103,0.6847940228189897,0.007710610120205246,0.0023309032660860773,0.8811689273220868,1.49,0.395,0.036839393562929965,0.5140330728659392,0.0,0.9169995068835812,1.49,0.4275,0.062265544265657675,0.5798275605729689,0.0
elgendi2010+Neurokit+Kubios,6183,737.6755508293284,22072.166666666668,0.0,11.737311638027187,148.5,0.0,11.534832451499119,11.380070546737214,4.393628747795415,4.848985890652557,0.3835407972382291,0.5275097996585897,0.47249020034141026,0.007931234744912027,0.004924346829395606,0.8811689273220868,1.49,0.395,0.036839393562929965,0.5140330728659392,0.0,0.9078263332244281,1.49,0.395,0.05399419780863426,0.7212489168102784,0.0
elgendi2010+Neurokit,6089,768.3596956729384,22227.666666666668,0.0,12.011685862209838,149.0,0.0,11.534832451499119,11.397376543209877,4.333333333333333,4.892857142857143,0.37859148861493264,0.5222908960646765,0.4777091039353236,0.006175429554020029,0.0033689502549377978,0.8811689273220868,1.49,0.395,0.036839393562929965,0.5140330728659392,0.0,0.9117557487502476,1.49,0.395,0.05892698112658442,0.7212489168102784,0.0
elgendi2010+pantompkins1985+Kubios,4032,674.8360669062802,21042.714285714286,20.3,13.963957997036498,145.0,3.5,11.534832451499119,11.764550264550264,1.2173721340388006,6.420855379188713,0.10523383278918169,0.2785367037697209,0.721463296230279,0.019716434057967816,0.003008774234952724,0.8811689273220868,1.49,0.395,0.036839393562929965,0.5140330728659392,0.0,0.9217413485412786,1.49,0.41,0.039373787843229466,0.5303300858899106,0.0
elgendi2010+pantompkins1985,3915,682.4094301601892,21042.714285714286,20.3,14.01433077527111,145.0,3.5,11.534832451499119,11.794201940035274,1.1418650793650793,6.7744708994708995,0.09822792405695195,0.25801856931527,0.7419814306847299,0.0194750632187196,0.0023061657017532967,0.8811689273220868,1.49,0.395,0.036839393562929965,0.5140330728659392,0.0,0.9431549206349206,1.49,0.41,0.045337864415355804,0.5374011537017761,0.0
elgendi2010+promac+Kubios,5750,424.73847759489956,16637.714285714286,2.6666666666666665,9.119995952955616,128.85714285714286,1.3333333333333333,11.534832451499119,11.832782186948853,3.9082892416225747,3.682098765432099,0.34590680198113644,0.6069791670708536,0.3930208329291464,0.035625719065146604,0.004150214095171305,0.8811689273220868,1.49,0.395,0.036839393562929965,0.5140330728659392,0.0,0.9235617729276459,1.49,0.41,0.05802905074513146,0.5374011537017761,0.0
elgendi2010+promac+Kubios_optimized,5872,197.2103203652278,17884.0,0.0,7.332004646461808,133.71428571428572,0.0,11.534832451499119,11.843033509700176,2.385251322751323,6.6609347442680775,0.21018842071280072,0.38158371512026024,0.6184162848797398,0.00656804399172376,0.0026007163412486815,0.8811689273220868,1.49,0.395,0.036839393562929965,0.5140330728659392,0.0,0.9226646900507653,1.49,0.426,0.05834675239476935,0.5798275605729689,0.0
elgendi2010+promac,5713,434.7742637427446,16637.714285714286,2.6666666666666665,9.209740367902587,128.85714285714286,1.3333333333333333,11.534832451499119,11.849096119929452,3.879409171075838,3.744708994708995,0.34363420059021493,0.6030087305570871,0.39699126944291274,0.035866716869185924,0.003950654722539679,0.8811689273220868,1.49,0.395,0.036839393562929965,0.5140330728659392,0.0,0.9276885060879597,1.49,0.41,0.061072437765075885,0.5374011537017761,0.0
elgendi2010+promac_optimized,5569,209.35585877822993,17884.0,0.0,7.42749273615588,133.71428571428572,0.0,11.534832451499119,11.91247795414462,2.380401234567901,6.7630070546737215,0.2098072124167251,0.37665294911655806,0.6233470508834419,0.006554554350592238,0.00257101255432992,0.8811689273220868,1.49,0.395,0.036839393562929965,0.5140330728659392,0.0,0.9254883094742253,1.49,0.426,0.06058726803532625,0.5798275605729689,0.0
elgendi2010+rodrigues2021+Kubios,2182,52.268593360135284,14916.923076923076,2.090909090909091,4.35928865617233,111.84615384615384,1.3636363636363635,11.534832451499119,12.915123456790123,10.265873015873016,1.136794532627866,0.8900334614605846,0.8969203442661505,0.10307965573384954,0.037755401113153585,0.0030633749836542386,0.8811689273220868,1.49,0.395,0.036839393562929965,0.5140330728659392,0.0,0.8924382220451175,1.48,0.395,0.05545117322365747,0.5020458146424487,0.0
elgendi2010+rodrigues2021,1242,78.22748715532714,14916.923076923076,2.6,4.635832707345472,111.84615384615384,1.4,11.534832451499119,13.240410052910052,10.491732804232804,1.1389991181657848,0.910193145624465,0.8987453780635913,0.10125462193640873,0.037855325569092046,0.0029026774700178816,0.8811689273220868,1.49,0.395,0.036839393562929965,0.5140330728659392,0.0,0.8917416894161301,1.48,0.395,0.055251192558286116,0.6576093065034891,0.0
elgendi2010+zong2003+Kubios,2792,72.49529126789243,13866.75,2.5454545454545454,4.7238186867581335,117.75,1.0909090909090908,11.534832451499119,12.506723985890652,8.439814814814815,1.5121252204585538,0.7537869390323891,0.848433696033701,0.15156630396629903,0.034916937275868726,0.006539072806618774,0.8811689273220868,1.49,0.395,0.036839393562929965,0.5140330728659392,0.0,0.9180878450700177,1.49,0.37,0.0705219089664655,0.7000357133746821,0.0
elgendi2010+zong2003,2704,71.45225828117884,13866.75,1.2857142857142858,4.667966233536532,117.75,1.0,11.534832451499119,12.565806878306878,8.518959435626103,1.502204585537919,0.7616226217269664,0.8503412350806444,0.1496587649193556,0.03506956259625443,0.006295037761111256,0.8811689273220868,1.49,0.395,0.036839393562929965,0.5140330728659392,0.0,0.9187742920183876,1.49,0.37,0.07148682878511489,0.7000357133746821,0.0
hamilton2002+christov2004+Kubios,4435,1144.1064219317057,31155.7,0.2142857142857142,14.100817500262867,152.9,0.2142857142857142,11.534832451499119,11.762125220458554,10.71494708994709,0.7563932980599647,0.9266345429084848,0.9332960199949235,0.06670398000507638,0.01157696882614877,0.006401964864519555,0.8811689273220868,1.49,0.395,0.036839393562929965,0.5140330728659392,0.0,0.8802753965660517,1.48,0.3952173913043479,0.037106627110658624,0.5374011537017761,0.0
hamilton2002+christov2004,4260,1188.4430563556855,31155.7,0.2142857142857142,14.486710661097208,152.9,0.2142857142857142,11.534832451499119,11.803902116402117,10.798941798941799,0.7494488536155203,0.9345123748414249,0.9345371515647493,0.06546284843525083,0.01154289941015893,0.006288640148245836,0.8811689273220868,1.49,0.395,0.036839393562929965,0.5140330728659392,0.0,0.8803633052626016,1.48,0.3952173913043478,0.03770991439642146,0.4366157731156003,0.0
hamilton2002+elgendi2010+Kubios,6252,622.0305933201395,15804.142857142857,0.0,7.81558343895999,125.57142857142856,0.0,11.534832451499119,11.779320987654321,10.726190476190476,0.4091710758377425,0.9289069116299914,0.9613367789829164,0.03866322101708361,0.004367586901710012,0.004563781606839282,0.8811689273220868,1.49,0.395,0.036839393562929965,0.5140330728659392,0.0,0.8828214487444996,1.49,0.395,0.03716190187597518,0.4525483399593903,0.0
hamilton2002+elgendi2010,6176,630.7884470649892,15804.142857142857,0.0,7.851706274239239,125.57142857142856,0.0,11.534832451499119,11.787918871252204,10.790343915343914,0.40828924162257496,0.9349931577904214,0.9616273949559165,0.03837260504408358,0.0042233295415570965,0.004338817743593313,0.8811689273220868,1.49,0.395,0.036839393562929965,0.5140330728659392,0.0,0.8833936411957766,1.49,0.395,0.038144790127002934,0.4879036790187177,0.0
hamilton2002+hamilton2002+Kubios,3692,358.3186948534679,12207.888888888889,6.8,9.654202996556508,109.22222222222224,1.6,11.534832451499119,12.260692239858907,1.728505291005291,6.582120811287478,0.14684499802879158,0.2859957830790371,0.7140042169209629,0.023164965773836515,0.0035222930513524476,0.8811689273220868,1.49,0.395,0.036839393562929965,0.5140330728659392,0.0,0.9081174932609078,1.49,0.44,0.05654479460015903,0.6505382386916236,0.0
hamilton2002+hamilton2002,3534,361.8224956523265,12207.888888888889,6.8,9.63906797882744,109.22222222222224,1.6,11.534832451499119,12.29673721340388,1.6631393298059964,6.7842813051146384,0.14176271708738608,0.2742892183978688,0.7257107816021312,0.02279116056133146,0.0030204099875047363,0.8811689273220868,1.49,0.395,0.036839393562929965,0.5140330728659392,0.0,0.9294259630363558,1.49,0.45,0.06198796988562914,0.6505382386916236,0.0
hamilton2002+kalidas2017+Kubios,5057,962.562221597846,21482.166666666668,0.0,12.770534091987358,146.5,0.0,11.534832451499119,11.62202380952381,10.739748677248677,0.5034171075837742,0.9284673123368566,0.952823420527006,0.04717657947299401,0.016067602596664742,0.004487161726727198,0.8811689273220868,1.49,0.395,0.036839393562929965,0.5140330728659392,0.0,0.8812051592032005,1.48,0.38,0.03930791485695722,0.6576093065034891,0.0
hamilton2002+kalidas2017,4961,984.1264315356856,21687.5,0.0,12.961234121883372,147.16666666666666,0.0,11.534832451499119,11.632716049382717,10.837081128747796,0.4738756613756614,0.9377539976344655,0.9559142444346287,0.04408575556537116,0.01611323791464106,0.00427815315199363,0.8811689273220868,1.49,0.395,0.036839393562929965,0.5140330728659392,0.0,0.8820108283794079,1.48,0.395,0.04086269971301813,0.505796401727019,0.0
hamilton2002+koka2022+Kubios,5382,943.3593069088201,21251.166666666668,0.0,11.770403113343717,145.5,0.0,11.534832451499119,11.56492504409171,10.601410934744267,0.6514550264550265,0.916066088292818,0.9390082481174055,0.060991751882594675,0.004328572289684869,0.004587514735664122,0.8811689273220868,1.49,0.395,0.036839393562929965,0.5140330728659392,0.0,0.8822523948077102,1.49,0.395,0.03626323279774566,0.4949747468305833,0.0
hamilton2002+koka2022,5330,951.6869351587962,21251.166666666668,0.0,11.792122520826634,145.5,0.0,11.534832451499119,11.572641093474427,10.66765873015873,0.6343694885361552,0.9221307574084716,0.9408552482463517,0.059144751753648375,0.0042049977140029655,0.004393939383894344,0.8811689273220868,1.49,0.395,0.036839393562929965,0.5140330728659392,0.0,0.8825908516612961,1.49,0.395,0.037496756614703294,0.4808326112068523,0.0
hamilton2002+martinez2004+Kubios,511,1496.163227975994,49310.42857142857,0.0,14.071268254723417,197.28571428571428,0.0,11.534832451499119,3.6560846560846563,2.5047398589065257,0.8953924162257496,0.21912223646204226,0.5043788075534108,0.21442630708503727,0.0015776304810682898,0.0013646761817854818,0.6391087690821396,1.49,0.0,0.025966031883559115,0.5140330728659392,0.0,0.4778632048058341,1.49,0.0,0.02647476081391413,0.6858935777509511,0.0
hamilton2002+martinez2004,395,1807.3670398524698,49651.125,0.0,16.899590725936594,197.28571428571428,0.0,11.534832451499119,3.634149029982363,2.4991181657848323,0.8932980599647267,0.2187817885160353,0.5042873872404295,0.2145177273980184,0.001488475651053774,0.001263821448212605,0.6391087690821396,1.49,0.0,0.025966031883559115,0.5140330728659392,0.0,0.4800258031857716,1.49,0.0,0.027335327995080743,0.6858935777509511,0.0
hamilton2002+nabian2018+Kubios,3354,815.5270468665448,15240.57142857143,0.0,9.632147863475922,123.42857142857144,0.0,11.534832451499119,10.817901234567902,10.479276895943563,0.10229276895943562,0.9104092419481711,0.9883021795224176,0.011697820477582383,0.007405574230921732,0.004504307441142357,0.8811689273220868,1.49,0.395,0.036839393562929965,0.5140330728659392,0.0,0.8828499163563809,1.49,0.4315,0.03589797334330067,0.4808326112068523,0.0
hamilton2002+nabian2018,3348,894.6208063507446,15240.57142857143,0.0,10.399045281694574,123.42857142857144,0.0,11.534832451499119,10.829144620811288,10.512345679012345,0.10659171075837742,0.913310636702229,0.9880240411655756,0.011975958834424443,0.007260754512830448,0.004325409558044851,0.8811689273220868,1.49,0.395,0.036839393562929965,0.5140330728659392,0.0,0.88299587985303,1.49,0.4315,0.03679653513484959,0.4879036790187177,0.0
hamilton2002+Neurokit+Kubios,5990,727.8040556711277,21972.83333333333,0.0,8.60716677574097,148.16666666666666,0.0,11.534832451499119,11.297288359788359,10.935626102292769,0.08796296296296297,0.9489051354098754,0.9907941535343884,0.009205846465611484,0.004294887515699258,0.00452508977867428,0.8811689273220868,1.49,0.395,0.036839393562929965,0.5140330728659392,0.0,0.8824547202691587,1.49,0.395,0.03621077258058935,0.5444722215136416,0.0
hamilton2002+Neurokit,5913,739.3368313846959,22128.33333333333,0.0,8.714161786478615,148.66666666666666,0.0,11.534832451499119,11.310956790123457,10.975088183421517,0.08950617283950617,0.9523603883148735,0.9907090057309867,0.009290994269013255,0.004152143385953966,0.004311066549702222,0.8811689273220868,1.49,0.395,0.036839393562929965,0.5140330728659392,0.0,0.8827456564828745,1.49,0.395,0.03730951525769372,0.5444722215136416,0.0
hamilton2002+pantompkins1985+Kubios,4055,450.65245953203686,20886.42857142857,10.923076923076923,11.006046909736432,144.42857142857142,2.3076923076923075,11.534832451499119,11.781194885361552,2.253968253968254,4.647927689594356,0.19302466744806016,0.4086951960391559,0.5913048039608441,0.019077592451588257,0.004163984537755674,0.8811689273220868,1.49,0.395,0.036839393562929965,0.5140330728659392,0.0,0.9122145364383668,1.49,0.41,0.056304918737783274,0.700035713374682,0.0
hamilton2002+pantompkins1985,3925,445.16843521812814,20886.42857142857,11.9,10.938803716141397,144.42857142857142,2.5,11.534832451499119,11.81305114638448,2.1709656084656084,4.82528659611993,0.18584424714243003,0.3928958407690471,0.607104159230953,0.01856012766302611,0.0034267421600688718,0.8811689273220868,1.49,0.395,0.036839393562929965,0.5140330728659392,0.0,0.9232703486444256,1.49,0.41,0.06150205589836068,0.700035713374682,0.0
hamilton2002+promac+Kubios,5934,427.2286785889932,22275.166666666668,0.0769230769230769,6.151311280254099,149.16666666666666,0.0769230769230769,11.534832451499119,11.909611992945326,11.211750440917108,0.33741181657848324,0.9716850617812985,0.9697312385165341,0.03026876148346593,0.014956286488622834,0.006185847771482616,0.8811689273220868,1.49,0.395,0.036839393562929965,0.5140330728659392,0.0,0.8830574055374978,1.49,0.3954166666666667,0.03793045782248987,0.4359281286328439,0.0
hamilton2002+promac+Kubios_optimized,6569,248.90390363239652,17671.85714285714,0.0,3.4222034372208148,132.71428571428572,0.0,11.534832451499119,11.759038800705467,11.11739417989418,0.32572751322751325,0.9637718702330976,0.9691950482901002,0.030804951709899938,0.00416335151501098,0.004352406476019132,0.8811689273220868,1.49,0.395,0.036839393562929965,0.5140330728659392,0.0,0.8830335197459027,1.49,0.395,0.036723489677893933,0.5444722215136415,0.0
hamilton2002+promac,5834,421.5165719309382,22484.5,0.0769230769230769,6.055003578600256,149.83333333333334,0.0769230769230769,11.534832451499119,11.920855379188712,11.275903880070548,0.33630952380952384,0.9778422802911664,0.9701801401357304,0.0298198598642698,0.014975493778558223,0.00607616506509007,0.8811689273220868,1.49,0.395,0.036839393562929965,0.5140330728659392,0.0,0.8833044534646922,1.49,0.3954166666666667,0.03897080184802919,0.4150863364008344,0.0
hamilton2002+promac_optimized,6076,159.72913009120606,14321.625,0.0,2.3548774074530967,119.625,0.0,11.534832451499119,11.835758377425044,11.166005291005291,0.35725308641975306,0.968374109404616,0.9668401802766771,0.03315981972332305,0.004156777809367179,0.004345546845276824,0.8811689273220868,1.49,0.395,0.036839393562929965,0.5140330728659392,0.0,0.8828584659567819,1.49,0.395,0.03715305389151802,0.5374011537017761,0.0
hamilton2002+rodrigues2021+Kubios,2197,52.49638921243169,15316.636363636364,0.0,1.892727049000901,109.54545454545456,0.0,11.534832451499119,12.975198412698413,11.433531746031745,0.9899691358024691,0.9920948788528259,0.9197185065757624,0.08028149342423754,0.012865083166824911,0.005063200572726864,0.8811689273220868,1.49,0.395,0.036839393562929965,0.5140330728659392,0.0,0.8820215317498693,1.48,0.395,0.03722930512907633,0.4879036790187178,0.0
hamilton2002+rodrigues2021,1186,90.1256749271363,15316.636363636364,0.0,2.1453747460895016,109.54545454545456,0.0,11.534832451499119,13.30379188712522,11.72420634920635,0.9713403880070547,1.0177355301340072,0.9229129408152446,0.07708705918475553,0.013043583706609184,0.005332469158594804,0.8811689273220868,1.49,0.395,0.036839393562929965,0.5140330728659392,0.0,0.8814803212259226,1.48,0.395,0.03728699909017261,0.4793224384482745,0.0
hamilton2002+zong2003+Kubios,2975,200.49513743801418,13578.5,0.0,4.674859074672739,116.5,0.0,11.534832451499119,12.827932098765432,10.518849206349206,1.302689594356261,0.9100913810926311,0.8871909556631551,0.11280904433684502,0.021677163064837475,0.006718017583807932,0.8811689273220868,1.49,0.395,0.036839393562929965,0.5140330728659392,0.0,0.885093726787098,1.49,0.4328571428571429,0.043311721635921875,0.5230869908533379,0.0
hamilton2002+zong2003,2873,198.9042632015306,13578.5,0.0,4.61423027591503,116.5,0.0,11.534832451499119,12.851190476190476,10.724316578483245,1.2406305114638447,0.9298961566192275,0.8944615218494952,0.1055384781505049,0.021620657997563804,0.00660682882296785,0.8811689273220868,1.49,0.395,0.036839393562929965,0.5140330728659392,0.0,0.8860560000478611,1.49,0.4328571428571429,0.043953169909058586,0.6151828996322962,0.0
koka2022+christov2004+Kubios,4094,1233.1195448633846,20993.166666666668,0.7647058823529411,15.832953027538972,144.83333333333334,0.5625,11.534832451499119,11.729166666666666,10.610670194003527,0.7977292768959435,0.9166011968238721,0.928328846986797,0.07167115301320298,0.014562393779587748,0.0072977945708008465,0.8811689273220868,1.49,0.395,0.036839393562929965,0.5140330728659392,0.0,0.8806015767348846,1.48,0.3952173913043479,0.036103449150520446,0.4626877997094801,0.0
koka2022+christov2004,3918,1285.1956837417922,21197.166666666668,0.7333333333333333,16.324734838300888,145.5,0.5625,11.534832451499119,11.768077601410935,10.720789241622574,0.7605820105820106,0.9270023613256407,0.9321558994235017,0.06784410057649835,0.01451178716648892,0.0072605909850284155,0.8811689273220868,1.49,0.395,0.036839393562929965,0.5140330728659392,0.0,0.8805349429184609,1.48,0.3952173913043478,0.03678237599005599,0.4626877997094801,0.0
koka2022+elgendi2010+Kubios,5799,666.7223776907801,16093.75,0.0,7.953099942754287,125.28571428571428,0.0,11.534832451499119,11.76168430335097,11.184964726631394,0.2724867724867725,0.9685014728381068,0.9754998635487644,0.024500136451235596,0.0027658289030394662,0.003352730157484587,0.8811689273220868,1.49,0.395,0.036839393562929965,0.5140330728659392,0.0,0.8809205778771912,1.48,0.3947826086956522,0.035827107017092366,0.5058458263146983,0.0
koka2022+elgendi2010,5795,668.4635682816955,16093.75,0.0,7.900641014313065,125.28571428571428,0.0,11.534832451499119,11.761794532627865,11.248787477954144,0.2718253968253968,0.9744471126282931,0.9757151695965771,0.024284830403422938,0.0025863074954923246,0.0030764834559315985,0.8811689273220868,1.49,0.395,0.036839393562929965,0.5140330728659392,0.0,0.881391869085752,1.48,0.3947826086956522,0.03680624863336616,0.5058458263146983,0.0
koka2022+hamilton2002+Kubios,3155,283.38136656246246,8708.1,2.0,8.127599948052316,92.5,0.8333333333333334,11.534832451499119,12.79155643738977,7.291446208112875,4.5626102292768955,0.6190245546910899,0.6200943687039953,0.37990563129600463,0.025791212530389455,0.008179755656886665,0.8811689273220868,1.49,0.395,0.036839393562929965,0.5140330728659392,0.0,0.8766665896863794,1.49,0.4113043478260869,0.05653825015499869,0.5444722215136416,0.0
koka2022+hamilton2002,2933,285.38507300988715,7829.0,2.0,8.049597297813579,88.27272727272727,0.9166666666666666,11.534832451499119,12.825617283950617,7.393187830687831,4.506723985890653,0.6281987354086341,0.6259095519122245,0.3740904480877755,0.02584390614679141,0.008142645471532773,0.8811689273220868,1.49,0.395,0.036839393562929965,0.5140330728659392,0.0,0.8771636018007964,1.49,0.4113043478260869,0.05790502553521513,0.6081118318204309,0.0
koka2022+kalidas2017+Kubios,4394,1022.0873589776668,18987.14285714286,1.0,14.636824849477666,137.71428571428572,0.6153846153846154,11.534832451499119,11.84920634920635,10.500992063492063,0.6416446208112875,0.906885704938722,0.9390829543527592,0.06091704564724071,0.022193281593794974,0.003692945924075049,0.8811689273220868,1.49,0.395,0.036839393562929965,0.5140330728659392,0.0,0.8810459313810514,1.48,0.395,0.036414241993713924,0.5303300858899106,0.0
koka2022+kalidas2017,4164,1071.7152978513134,18987.14285714286,1.0,15.139284844393158,137.71428571428572,0.6153846153846154,11.534832451499119,11.88018077601411,10.647376543209877,0.5947971781305115,0.9207834772900733,0.9439811285182347,0.056018871481765334,0.022170778246566183,0.0035273494953467267,0.8811689273220868,1.49,0.395,0.036839393562929965,0.5140330728659392,0.0,0.8827031442155998,1.48,0.395,0.038262614099310734,0.5398379386445529,0.0
koka2022+koka2022+Kubios,4919,940.1507726837748,19579.571428571428,0.0,12.1360891117656,139.85714285714286,0.0,11.534832451499119,11.72905643738977,10.358355379188712,0.9548059964726632,0.893082784738247,0.9121658029564284,0.08783419704357158,0.0027336864925272975,0.00327686431314253,0.8811689273220868,1.49,0.395,0.036839393562929965,0.5140330728659392,0.0,0.8810279948901089,1.48,0.395,0.036226953443991995,0.5456189146281496,0.0
koka2022+koka2022,4810,949.8560583817647,19579.571428571428,0.0,12.146090914339483,139.85714285714286,0.0,11.534832451499119,11.743386243386244,10.457451499118166,0.9135802469135802,0.9019792419773968,0.9161558418474709,0.08384415815252914,0.00258124018020852,0.0030212641988074996,0.8811689273220868,1.49,0.395,0.036839393562929965,0.5140330728659392,0.0,0.881679109905441,1.48,0.395,0.03780251403245791,0.5121816084163897,0.0
koka2022+martinez2004+Kubios,3706,357.2814014720663,21972.83333333333,0.0,4.6677843428170425,148.16666666666666,0.0,11.534832451499119,8.132716049382717,7.15244708994709,0.5382495590828924,0.6214570402048143,0.8260960376949134,0.09001948258727357,0.0028989441833147324,0.0027943039120888295,0.8095629979053787,1.49,0.0,0.03410020404394712,0.3832159240486288,0.0,0.8048469277868199,1.49,0.0,0.04187322750955455,0.7707463914933368,0.0
koka2022+martinez2004,3361,352.3539651911564,22128.33333333333,0.0,4.486333424110096,148.66666666666666,0.0,11.534832451499119,8.077050264550264,7.151124338624339,0.5288800705467372,0.621495212403238,0.8265789429314562,0.08953657735073078,0.002757004695924723,0.002554164820659488,0.8095629979053787,1.49,0.0,0.03410020404394712,0.3832159240486288,0.0,0.8062057409465366,1.49,0.0,0.045072863344107976,0.7707463914933368,0.0
koka2022+nabian2018+Kubios,3403,794.0631566769579,16454.666666666668,0.25,9.808979380154286,124.28571428571428,0.25,11.534832451499119,10.803681657848324,10.671075837742505,0.00650352733686067,0.9267483735005357,0.9992897635506763,0.0007102364493237509,0.01172073671586389,0.003292429074918597,0.8811689273220868,1.49,0.395,0.036839393562929965,0.5140330728659392,0.0,0.8816622870494512,1.48,0.4275,0.03527204210521108,0.5456189146281496,0.0
koka2022+nabian2018,3394,859.2470056348823,16454.666666666668,0.25,10.46205484262223,124.28571428571428,0.25,11.534832451499119,10.817570546737214,10.712081128747796,0.006393298059964726,0.9303247126103187,0.9993223949159795,0.0006776050840204278,0.011608712976763497,0.0030240919882379546,0.8811689273220868,1.49,0.395,0.036839393562929965,0.5140330728659392,0.0,0.8817794151256153,1.48,0.4275,0.03621123722041762,0.5121816084163897,0.0
koka2022+Neurokit+Kubios,5775,898.5174287558524,15734.42857142857,0.0,10.438419602601751,125.28571428571428,0.0,11.534832451499119,11.353395061728396,11.108134920634921,0.006613756613756613,0.9635877117647083,0.9992894946763995,0.0007105053236005617,0.002791051155436541,0.0033788132195358817,0.8811689273220868,1.49,0.395,0.036839393562929965,0.5140330728659392,0.0,0.881265894775944,1.48,0.395,0.03561864921960177,0.6717514421272202,0.0
koka2022+Neurokit,5685,915.2540287579535,15734.42857142857,0.0,10.570373510576268,125.28571428571428,0.0,11.534832451499119,11.370480599647266,11.153990299823633,0.00650352733686067,0.9675550985715851,0.9993079974478783,0.0006920025521215998,0.00258570853668832,0.0030676355188852702,0.8811689273220868,1.49,0.395,0.036839393562929965,0.5140330728659392,0.0,0.8814813732421052,1.48,0.395,0.036647800206164496,0.5121816084163897,0.0
koka2022+pantompkins1985+Kubios,3929,252.75684955859523,15414.375,1.3333333333333333,6.519419347803481,124.125,0.6666666666666666,11.534832451499119,11.892636684303351,8.127865961199294,1.6823192239858906,0.6983963882511939,0.814971611379246,0.1850283886207539,0.023814087685208755,0.009621443991260208,0.8811689273220868,1.49,0.395,0.036839393562929965,0.5140330728659392,0.0,0.8976209429314345,1.49,0.4104347826086956,0.06970183269693805,0.5586143571373725,0.0
koka2022+pantompkins1985,3781,254.27108273912896,15414.375,1.3333333333333333,6.4640348681245605,124.125,0.6666666666666666,11.534832451499119,11.924603174603174,8.20866402116402,1.6372354497354498,0.7062077914179544,0.819954460193244,0.18004553980675606,0.023818532197468597,0.009555501901353273,0.8811689273220868,1.49,0.395,0.036839393562929965,0.5140330728659392,0.0,0.8985789150527074,1.49,0.4104347826086956,0.07190163913907106,0.6151828996322963,0.0
koka2022+promac+Kubios,5540,446.38854869587846,19603.42857142857,0.0,5.543782367205805,140.0,0.0,11.534832451499119,11.919091710758378,11.299052028218695,0.32594797178130513,0.9788154449797273,0.9710765688615491,0.028923431138450913,0.005521412635034007,0.006133804243801875,0.8811689273220868,1.49,0.395,0.036839393562929965,0.5140330728659392,0.0,0.8820124296027119,1.48,0.39625,0.03669909272590474,0.6576093065034891,0.0
koka2022+promac+Kubios_optimized,6062,295.9566089264987,18409.42857142857,0.0,3.7560214023240097,133.14285714285714,0.0,11.534832451499119,11.898589065255733,11.32010582010582,0.2761243386243386,0.9806043701055752,0.9748713986868733,0.025128601313126657,0.002622432047629251,0.0031270032216961824,0.8811689273220868,1.49,0.395,0.036839393562929965,0.5140330728659392,0.0,0.8815443504904827,1.48,0.395,0.03617229008548835,0.4202618231531386,0.0
koka2022+promac,5444,454.1640652188822,19603.42857142857,0.0,5.571214652270906,140.0,0.0,11.534832451499119,11.934634038800706,11.364858906525573,0.32418430335097004,0.9850030013379131,0.9714906085457413,0.028509391454258726,0.00541030002972207,0.00600313671974586,0.8811689273220868,1.49,0.395,0.036839393562929965,0.5140330728659392,0.0,0.8823260464193795,1.48,0.39625,0.037820418897449255,0.5039543630131601,0.0
koka2022+promac_optimized,5374,157.4469835894059,18409.42857142857,0.0,2.0576643931499983,133.14285714285714,0.0,11.534832451499119,11.998567019400353,11.373236331569665,0.29905202821869487,0.9854916644869018,0.9731082510283886,0.026891748971611614,0.002618632426036679,0.0031274292896618016,0.8811689273220868,1.49,0.395,0.036839393562929965,0.5140330728659392,0.0,0.8816071284849375,1.48,0.395,0.03701449429535621,0.5121816084163897,0.0
koka2022+rodrigues2021+Kubios,1878,41.07588297825197,15716.785714285714,0.0,1.1351995210565986,106.78571428571428,0.0,11.534832451499119,13.542989417989418,11.450507054673722,1.0671296296296295,0.9939869320227847,0.9143771027293646,0.08562289727063549,0.005948658894491493,0.005457584930737875,0.8811689273220868,1.49,0.395,0.036839393562929965,0.5140330728659392,0.0,0.8816259186771432,1.48,0.395,0.03784395550297383,0.3822302970723279,0.0
koka2022+rodrigues2021,1171,72.3434535318326,15716.785714285714,0.0,1.3584974227120676,106.78571428571428,0.0,11.534832451499119,13.81415343915344,11.812279541446209,1.027667548500882,1.0260741831004005,0.9195787794254303,0.08042122057456974,0.0060561567637637485,0.005626078899218223,0.8811689273220868,1.49,0.395,0.036839393562929965,0.5140330728659392,0.0,0.8810693050366908,1.48,0.395,0.03745179655873881,0.508546949651652,0.0
koka2022+zong2003+Kubios,2131,312.2745119616067,21534.33333333333,0.1,4.942089264221193,146.66666666666666,0.1,11.534832451499119,13.515101410934744,10.01466049382716,1.8660714285714286,0.8572712205315008,0.8371872877460812,0.1628127122539189,0.007841586457095718,0.006218826047422956,0.8811689273220868,1.49,0.395,0.036839393562929965,0.5140330728659392,0.0,0.8785526353069613,1.48,0.3952173913043479,0.03883437305094243,0.5444722215136416,0.0
koka2022+zong2003,2042,314.38648447580306,21739.666666666668,0.1,4.879230422988083,147.33333333333334,0.1,11.534832451499119,13.51796737213404,10.373015873015873,1.6768077601410936,0.8928208614990216,0.8554846847908966,0.14451531520910352,0.007629347674657443,0.00604291794824842,0.8811689273220868,1.49,0.395,0.036839393562929965,0.5140330728659392,0.0,0.8825495186952312,1.48,0.3952173913043479,0.04014313198767524,0.5444722215136416,0.0
Neurokit+christov2004+Kubios,4113,1039.965231060052,21187.166666666668,0.6923076923076923,13.872638519710994,145.5,0.5384615384615384,11.534832451499119,11.901455026455027,10.672398589065256,0.6484788359788359,0.922581447094281,0.9405646150151945,0.0594353849848054,0.01814664292979107,0.007223564208927876,0.8811689273220868,1.49,0.395,0.036839393562929965,0.5140330728659392,0.0,0.8809121785082897,1.48,0.3947826086956522,0.03664240642672209,0.5374011537017761,0.0
Neurokit+christov2004,3940,1075.9185223026464,21391.166666666668,0.6923076923076923,14.207304927812519,146.16666666666666,0.5384615384615384,11.534832451499119,11.929343033509701,10.806327160493828,0.6156305114638448,0.9352665537786305,0.9445916275403982,0.05540837245960194,0.018103730644569913,0.007191641485010211,0.8811689273220868,1.49,0.395,0.036839393562929965,0.5140330728659392,0.0,0.880899682862993,1.48,0.3947826086956522,0.037340368517838694,0.4442596838186722,0.0
Neurokit+elgendi2010+Kubios,3689,794.2851725763,12401.888888888889,0.0,10.905548220412467,110.33333333333331,0.0,11.534832451499119,12.639329805996473,9.802799823633157,0.812389770723104,0.8375056724765005,0.9181882702340174,0.08181172976598274,0.0029185527082362306,0.003318794835694243,0.8811689273220868,1.49,0.395,0.036839393562929965,0.5140330728659392,0.0,0.8780616375294096,1.475,0.3950000000000001,0.03887298143255337,0.4808326112068523,0.0
Neurokit+elgendi2010,3606,821.5238555778708,16389.625,0.0,11.137122523122871,126.875,0.0,11.534832451499119,12.637345679012345,9.963403880070548,0.7654320987654321,0.8529027087102231,0.9232030385139876,0.07679696148601253,0.002791224733612396,0.0031264176785411675,0.8811689273220868,1.49,0.395,0.036839393562929965,0.5140330728659392,0.0,0.8802715118542713,1.47,0.3950000000000001,0.04059762373115012,0.4808326112068523,0.0
Neurokit+hamilton2002+Kubios,3483,264.3441755030643,11811.875,0.5555555555555556,7.254363574627879,108.625,0.5555555555555556,11.534832451499119,12.792548500881834,9.157407407407407,3.0335097001763667,0.7799845365013359,0.7579088336783468,0.24209116632165334,0.029718293362122818,0.007229853718198473,0.8811689273220868,1.49,0.395,0.036839393562929965,0.5140330728659392,0.0,0.8732197571593854,1.49,0.4276190476190477,0.044607977457124984,0.5374011537017761,0.0
Neurokit+hamilton2002,3244,270.6110631697805,11811.875,0.5555555555555556,7.295898375083958,108.625,0.5555555555555556,11.534832451499119,12.81305114638448,9.314263668430335,2.927358906525573,0.7945809021819312,0.7655235591358195,0.23447644086418054,0.02981056936887238,0.007171992434561194,0.8811689273220868,1.49,0.395,0.036839393562929965,0.5140330728659392,0.0,0.8745684096337409,1.49,0.4290000000000001,0.0449988184369113,0.5232590180780452,0.0
Neurokit+kalidas2017+Kubios,3970,933.4566990057489,18987.14285714286,0.0769230769230769,13.59925056264425,137.71428571428572,0.0769230769230769,11.534832451499119,12.503306878306878,10.340828924162258,0.7628968253968254,0.891450638154373,0.9289629893859415,0.07103701061405869,0.02099387090165862,0.003928258255895624,0.8811689273220868,1.49,0.395,0.036839393562929965,0.5140330728659392,0.0,0.8789911770693392,1.48,0.395,0.03672760878228097,0.5586143571373725,0.0
Neurokit+kalidas2017,3594,1023.0128887126297,18987.14285714286,0.0769230769230769,14.58585007650913,137.71428571428572,0.0769230769230769,11.534832451499119,12.53692680776014,10.630401234567902,0.6651234567901234,0.9196090141370303,0.9385296750038518,0.06147032499614832,0.020953413531740954,0.003798793596602813,0.8811689273220868,1.49,0.395,0.036839393562929965,0.5140330728659392,0.0,0.8826080660683006,1.48,0.395,0.03851730179622029,0.5586143571373725,0.0
Neurokit+koka2022+Kubios,5201,659.9125603113852,17522.714285714286,0.0,8.909833308275529,132.14285714285714,0.0,11.534832451499119,11.893628747795415,10.492614638447971,0.6680996472663139,0.905998449191092,0.936316500094921,0.06368349990507916,0.002971433189047888,0.0032958002318840274,0.8811689273220868,1.49,0.395,0.036839393562929965,0.5140330728659392,0.0,0.8813283965207093,1.48,0.3952173913043478,0.036246876420150814,0.4666904755831215,0.0
Neurokit+koka2022,5069,679.3268381897302,17522.714285714286,0.0,9.079894741400414,132.14285714285714,0.0,11.534832451499119,11.901675485008818,10.65057319223986,0.6060405643738977,0.9219844780705422,0.9423971417268718,0.0576028582731282,0.0028057815049579143,0.0030505917239249517,0.8811689273220868,1.49,0.395,0.036839393562929965,0.5140330728659392,0.0,0.8835714333197405,1.48,0.3952173913043479,0.03763102398548707,0.4666904755831215,0.0
Neurokit+martinez2004+Kubios,1076,742.7968896408408,20782.875,0.0,11.748619612645122,144.125,0.0,11.534832451499119,5.386574074074074,3.7084435626102294,1.5946869488536155,0.3175403442812244,0.5454344958147868,0.3020081849612273,0.001974372778538065,0.0020615134724423184,0.7460239595019137,1.49,0.0,0.03131437165616782,0.5140330728659392,0.0,0.6562304010052408,1.49,0.0,0.04472721916355322,0.7778174593052023,0.0
Neurokit+martinez2004,915,742.1522950668033,20782.875,0.0,11.573527204428842,144.125,0.0,11.534832451499119,5.335207231040564,3.691798941798942,1.5809082892416226,0.3161936305552937,0.5455024705355392,0.3019402102404748,0.0018914511449645765,0.0019193883831699905,0.7460239595019137,1.49,0.0,0.03131437165616782,0.5140330728659392,0.0,0.6576140954365028,1.49,0.0,0.048074688858626057,0.7778174593052023,0.0
Neurokit+nabian2018+Kubios,3381,768.6236785607738,21531.0,0.3333333333333333,9.936984443939263,146.66666666666666,0.3333333333333333,11.534832451499119,10.754188712522046,10.251102292768959,0.25551146384479717,0.8898246865102922,0.9730714619314157,0.026928538068584366,0.011881087096096915,0.003271999684757418,0.8811689273220868,1.49,0.395,0.036839393562929965,0.5140330728659392,0.0,0.8829266122960375,1.48,0.4314999999999999,0.035604361320164916,0.5868986283848344,0.0
Neurokit+nabian2018,3385,767.2890809700134,21736.33333333333,0.3333333333333333,9.907748539226159,147.33333333333334,0.3333333333333333,11.534832451499119,10.753306878306878,10.301917989417989,0.25220458553791886,0.8943284739163669,0.9733984794293987,0.02660152057060126,0.01177399436906852,0.0030098103596340495,0.8811689273220868,1.49,0.395,0.036839393562929965,0.5140330728659392,0.0,0.8831370450014311,1.48,0.4273333333333333,0.03704287613622747,0.5868986283848344,0.0
Neurokit+Neurokit+Kubios,5939,813.1668614098493,19542.0,0.0,9.501890028783839,139.71428571428572,0.0,11.534832451499119,11.343143738977073,11.101410934744267,0.019290123456790122,0.96288822874566,0.9982015837753271,0.0017984162246728384,0.0030213983517538103,0.003402866660060988,0.8811689273220868,1.49,0.395,0.036839393562929965,0.5140330728659392,0.0,0.8813315978975073,1.48,0.395,0.03532062344485419,0.6717514421272202,0.0
Neurokit+Neurokit,5912,815.7816501403275,19542.0,0.0,9.478911079815198,139.71428571428572,0.0,11.534832451499119,11.346671075837742,11.15057319223986,0.01917989417989418,0.9672620161160141,0.9982242340625276,0.0017757659374722865,0.002824020240520332,0.003112926233867809,0.8811689273220868,1.49,0.395,0.036839393562929965,0.5140330728659392,0.0,0.8815336628643659,1.48,0.395,0.03648823802244937,0.5149077587296583,0.0
Neurokit+pantompkins1985+Kubios,4416,233.14772135720787,16396.25,1.6,6.912864961368046,127.0,0.8888888888888888,11.534832451499119,11.870590828924163,6.356481481481482,2.2183641975308643,0.5424060135977408,0.7266750651369137,0.2733249348630863,0.02562773750500294,0.008128143857573085,0.8811689273220868,1.49,0.395,0.036839393562929965,0.5140330728659392,0.0,0.8995690399051717,1.49,0.37,0.07456846513767904,0.6576093065034891,0.0
Neurokit+pantompkins1985,4281,230.5220290057969,16396.25,1.6,6.864631800479785,127.0,0.8888888888888888,11.534832451499119,11.894731040564373,6.374007936507937,2.2192460317460316,0.5445320191506782,0.7271329763385321,0.27286702366146787,0.025637893305928854,0.007975595876302897,0.8811689273220868,1.49,0.395,0.036839393562929965,0.5140330728659392,0.0,0.9018623224338924,1.49,0.37,0.07684816900712052,0.6151828996322964,0.0
Neurokit+promac+Kubios,4632,377.9416041053137,17486.0,0.0,5.093575051586165,132.0,0.0,11.534832451499119,12.556327160493828,11.086309523809524,0.4683641975308642,0.9574711285930786,0.9571931753744307,0.04280682462556929,0.00610048979096217,0.006562529275819657,0.8811689273220868,1.49,0.395,0.036839393562929965,0.5140330728659392,0.0,0.8815629758271644,1.47,0.3952173913043479,0.037338315662050064,0.6434671708797581,0.0
Neurokit+promac+Kubios_optimized,6203,275.76865636629236,18122.0,0.0,3.565914360036625,130.28571428571428,0.0,11.534832451499119,11.881283068783068,11.361000881834215,0.2775573192239859,0.9842465452701659,0.9749704283889652,0.025029571611034966,0.002902817381632357,0.0032542972837118892,0.8811689273220868,1.49,0.395,0.036839393562929965,0.5140330728659392,0.0,0.8815073188785931,1.48,0.395,0.03608103153010535,0.4596194077712559,0.0
Neurokit+promac,4396,393.3495501214734,17486.0,0.0,5.2172922535419275,132.0,0.0,11.534832451499119,12.552248677248677,11.261794532627865,0.45524691358024694,0.9753144706744437,0.95948193075147,0.040518069248529985,0.005982869224979448,0.006445419023384752,0.8811689273220868,1.49,0.395,0.036839393562929965,0.5140330728659392,0.0,0.8825776845020094,1.47,0.3952173913043479,0.03822657354361503,0.4938927008976747,0.0
Neurokit+promac_optimized,5541,124.16303316468769,18122.0,0.0,1.7556325079802417,130.28571428571428,0.0,11.534832451499119,11.979276895943563,11.415233686067019,0.2978395061728395,0.989376688487333,0.973454467956834,0.026545532043166033,0.00288866423175668,0.0032390251753317526,0.8811689273220868,1.49,0.395,0.036839393562929965,0.5140330728659392,0.0,0.8815727455158124,1.48,0.395,0.03678405235836608,0.5149077587296583,0.0
Neurokit+rodrigues2021+Kubios,2278,42.02210933663155,15688.214285714286,0.0,1.0539410604794128,106.5,0.0,11.534832451499119,12.942239858906525,11.405753968253968,1.0434303350970018,0.9893659394077985,0.9155810771477781,0.0844189228522218,0.004825134648300434,0.005155158932649439,0.8811689273220868,1.49,0.395,0.036839393562929965,0.5140330728659392,0.0,0.8815942241370147,1.49,0.395,0.03679082298830769,0.4949747468305833,0.0
Neurokit+rodrigues2021,1481,58.3203505330721,15688.214285714286,0.0,1.0832543956551306,106.5,0.0,11.534832451499119,13.234567901234568,11.785273368606703,0.9966931216931217,1.0233285307187365,0.9215736894407487,0.07842631055925127,0.004963743338940864,0.00544391866549258,0.8811689273220868,1.49,0.395,0.036839393562929965,0.5140330728659392,0.0,0.8810219274838119,1.49,0.395,0.03683623668622026,0.508546949651652,0.0
Neurokit+zong2003+Kubios,1462,331.9810853703204,17671.85714285714,0.0,5.331454554959292,132.71428571428572,0.0,11.534832451499119,16.371582892416225,9.104828042328043,2.249889770723104,0.7652798446183534,0.7963517558339711,0.20364824416602903,0.007336728953575399,0.005683540617102746,0.8811689273220868,1.49,0.395,0.036839393562929965,0.5140330728659392,0.0,0.86537110612878,1.48,0.3952173913043479,0.039218781164623004,0.5374011537017761,0.0
Neurokit+zong2003,1375,331.48824508710203,17671.85714285714,0.0,5.257758710408591,132.71428571428572,0.0,11.534832451499119,16.231922398589067,10.45679012345679,1.623015873015873,0.9023098449488768,0.8624772430321129,0.1375227569678871,0.006860147787305579,0.005470439407670055,0.8811689273220868,1.49,0.395,0.036839393562929965,0.5140330728659392,0.0,0.8847769000153478,1.48,0.3952173913043479,0.040697776804928025,0.5051979809935903,0.0
pantompkins1985+christov2004+Kubios,4542,1078.3384334711377,26649.571428571428,0.3125,13.516218392465191,151.28571428571428,0.3125,11.534832451499119,11.75870811287478,10.673170194003527,0.656194885361552,0.9226635259191377,0.9405442903521767,0.05945570964782339,0.011291332192625205,0.006685756235374252,0.8811689273220868,1.49,0.395,0.036839393562929965,0.5140330728659392,0.0,0.8805545178869437,1.48,0.3947826086956522,0.03764069211681358,0.5020458146424488,0.0
pantompkins1985+christov2004,4407,1104.3084792812465,26649.571428571428,0.2857142857142857,13.720045465140116,151.28571428571428,0.2857142857142857,11.534832451499119,11.782958553791888,10.767636684303351,0.634810405643739,0.9314915475619894,0.9430285616820071,0.05697143831799301,0.011222866253633924,0.006594219274166586,0.8811689273220868,1.49,0.395,0.036839393562929965,0.5140330728659392,0.0,0.8807515523400476,1.48,0.3947826086956522,0.03847454995608382,0.4172768864914518,0.0
pantompkins1985+elgendi2010+Kubios,5397,649.036295765408,16061.0,0.0,8.057575666060938,126.71428571428572,0.0,11.534832451499119,12.138999118165785,10.989307760141093,0.27414021164021163,0.9535323533494746,0.9748031931661962,0.025196806833803733,0.005294291075356219,0.004542910907811915,0.8811689273220868,1.49,0.395,0.036839393562929965,0.5140330728659392,0.0,0.8834626403841482,1.49,0.395,0.0382990720343942,0.4800260409602795,0.0
pantompkins1985+elgendi2010,5123,658.4907424706286,16061.0,0.0,8.141331367988823,126.71428571428572,0.0,11.534832451499119,12.170524691358025,11.05952380952381,0.27292768959435626,0.9600716728565724,0.975083297761777,0.024916702238222944,0.005204296032298177,0.0043707646765368,0.8811689273220868,1.49,0.395,0.036839393562929965,0.5140330728659392,0.0,0.884148013400991,1.49,0.395,0.03968718435044142,0.4242640687119285,0.0
pantompkins1985+hamilton2002+Kubios,3590,239.9655504755528,11338.888888888889,6.428571428571429,7.88579571776233,103.55555555555556,2.4285714285714284,11.534832451499119,12.395723104056437,3.506062610229277,4.78913139329806,0.3008095575358912,0.4692494769486037,0.5307505230513963,0.028875323551129633,0.005450075638092239,0.8811689273220868,1.49,0.395,0.036839393562929965,0.5140330728659392,0.0,0.9124460130500804,1.49,0.43,0.07025614581514011,0.6788225099390857,0.0
pantompkins1985+hamilton2002,3406,261.50570622416274,11338.888888888889,6.428571428571429,8.108218559501195,103.55555555555556,2.4285714285714284,11.534832451499119,12.432760141093475,3.4799382716049383,4.853946208112875,0.2990557529528756,0.46454377728133756,0.5354562227186623,0.028917335653357273,0.005230444665765315,0.8811689273220868,1.49,0.395,0.036839393562929965,0.5140330728659392,0.0,0.9166394953220697,1.49,0.43,0.07222219710226184,0.6788225099390857,0.0
pantompkins1985+kalidas2017+Kubios,4212,945.9006849628215,19224.28571428572,0.1,12.845484939752017,138.57142857142858,0.1,11.534832451499119,12.316027336860671,10.498567019400353,0.6234567901234568,0.9054454668589751,0.9390409970932458,0.060959002906754226,0.01462051167069977,0.004302216513233596,0.8811689273220868,1.49,0.395,0.036839393562929965,0.5140330728659392,0.0,0.8793040271468702,1.49,0.395,0.03654168756050549,0.5303300858899105,0.0
pantompkins1985+kalidas2017,3996,984.6330810518983,19224.28571428572,0.1,13.225704191790578,138.57142857142858,0.1,11.534832451499119,12.324294532627865,10.808311287477954,0.560626102292769,0.9352450482260586,0.948554953170352,0.05144504682964803,0.014524729657015198,0.004150077945808371,0.8811689273220868,1.49,0.395,0.036839393562929965,0.5140330728659392,0.0,0.8821767147314913,1.48,0.395,0.038075567348604025,0.4879463768352694,0.0
pantompkins1985+koka2022+Kubios,5539,908.6659324802347,19782.571428571428,0.0,11.579993309362475,140.57142857142858,0.0,11.534832451499119,11.530092592592593,10.583553791887125,0.6243386243386243,0.9143291546609902,0.9411810405043974,0.058818959495602584,0.005260483276037993,0.004546797019784656,0.8811689273220868,1.49,0.395,0.036839393562929965,0.5140330728659392,0.0,0.8818210193763705,1.49,0.395,0.03583901387521432,0.4949747468305833,0.0
pantompkins1985+koka2022,5469,919.587626910121,19782.571428571428,0.0,11.635722755010464,140.57142857142858,0.0,11.534832451499119,11.538249559082892,10.655643738977073,0.6061507936507936,0.920860826377122,0.9430859563246419,0.056914043675358204,0.005150068160090411,0.0043422773018705575,0.8811689273220868,1.49,0.395,0.036839393562929965,0.5140330728659392,0.0,0.882059039922675,1.49,0.395,0.036945550579350485,0.4303874223688854,0.0
pantompkins1985+martinez2004+Kubios,180,495.86802401438433,14261.125,0.0,5.558844767705062,119.375,0.0,11.534832451499119,1.8928571428571428,1.8216490299823633,0.04607583774250441,0.1585430161687057,0.44017962123120846,0.019256004871084236,0.0016619882079190096,0.0011985657379990822,0.40485299636068633,1.4566666666666668,0.0,0.016098594402176532,0.5140330728659392,0.0,0.27112001198093316,1.49,0.0,0.015399849965089071,0.5586143571373725,0.0
pantompkins1985+martinez2004,124,480.4512392197461,14261.125,0.0,5.393200887110991,119.375,0.0,11.534832451499119,1.880731922398589,1.818562610229277,0.04662698412698413,0.15828246700155074,0.4401638741916519,0.0192717519106408,0.0016395270465717332,0.0011697496695499143,0.40485299636068633,1.4566666666666668,0.0,0.016098594402176532,0.5140330728659392,0.0,0.2718578243895998,1.49,0.0,0.016402481131812332,0.5586143571373725,0.0
pantompkins1985+nabian2018+Kubios,3397,815.9135340241738,15808.57142857143,0.0,9.448808313521909,125.71428571428572,0.0,11.534832451499119,10.795745149911816,10.62907848324515,0.019290123456790122,0.9232071127668172,0.9977390269847183,0.0022609730152816834,0.006018261155222821,0.004515961263237117,0.8811689273220868,1.49,0.395,0.036839393562929965,0.5140330728659392,0.0,0.8820824988739143,1.49,0.4275,0.03548905427123936,0.4551190320491259,0.0
pantompkins1985+nabian2018,3393,861.204177524363,15808.57142857143,0.0,9.854461944963479,125.71428571428572,0.0,11.534832451499119,10.801587301587302,10.666225749559082,0.018849206349206348,0.9264502050421306,0.9977960292490619,0.002203970750938149,0.005862970670715363,0.004331592450153188,0.8811689273220868,1.49,0.395,0.036839393562929965,0.5140330728659392,0.0,0.8821548254438574,1.49,0.4275,0.03626318143661561,0.4525483399593903,0.0
pantompkins1985+Neurokit+Kubios,5995,759.2474395935104,19684.0,0.0,8.977322778598738,140.28571428571428,0.0,11.534832451499119,11.296847442680775,11.114417989417989,0.003747795414462081,0.9641666809263243,0.9995629659692159,0.0004370340307840308,0.0052503464281558575,0.004520516186739643,0.8811689273220868,1.49,0.395,0.036839393562929965,0.5140330728659392,0.0,0.8814154432007855,1.49,0.395,0.03555200481696655,0.4525483399593905,0.0
pantompkins1985+Neurokit,5963,770.7497206281748,19684.0,0.0,9.047528158869342,140.28571428571428,0.0,11.534832451499119,11.301807760141093,11.159060846560847,0.0036375661375661374,0.968017892831487,0.9995747762488834,0.0004252237511166082,0.005150770332432196,0.0043397236976005175,0.8811689273220868,1.49,0.395,0.036839393562929965,0.5140330728659392,0.0,0.8815859935400726,1.49,0.395,0.036541901814320675,0.4049211171464278,0.0
pantompkins1985+pantompkins1985+Kubios,4161,241.29164424605577,19061.28571428572,4.538461538461538,8.702564125359956,137.85714285714286,1.9411764705882355,11.534832451499119,11.882385361552029,3.505401234567901,3.5292107583774253,0.2987723286776544,0.5347776822652994,0.46522231773470063,0.022940867978667564,0.006043249201600416,0.8811689273220868,1.49,0.395,0.036839393562929965,0.5140330728659392,0.0,0.9125157122600145,1.49,0.4117391304347827,0.06825323129020941,0.6222539674441617,0.0
pantompkins1985+pantompkins1985,4020,237.97459884344102,19061.28571428572,4.538461538461538,8.663223153609163,137.85714285714286,1.9411764705882355,11.534832451499119,11.908619929453263,3.4539241622574957,3.6547619047619047,0.294188843599402,0.522189220635231,0.477810779364769,0.022846507804515255,0.005614977345991612,0.8811689273220868,1.49,0.395,0.036839393562929965,0.5140330728659392,0.0,0.9147874051088618,1.49,0.4117391304347827,0.07239691419304485,0.6222539674441617,0.0
pantompkins1985+promac+Kubios,5072,407.1171116042452,19804.14285714286,0.0,5.723019997210825,140.71428571428572,0.0,11.534832451499119,12.648258377425044,11.118937389770723,0.3392857142857143,0.9606581002541749,0.968488563998133,0.03151143600186703,0.011099145081013112,0.005223816543073954,0.8811689273220868,1.49,0.395,0.036839393562929965,0.5140330728659392,0.0,0.8809734282019944,1.48,0.39625,0.0363894672516642,0.4101219330881974,0.0
pantompkins1985+promac+Kubios_optimized,6473,227.50411903763523,17671.85714285714,0.0,3.1703118331071005,132.71428571428572,0.0,11.534832451499119,11.824404761904763,11.333884479717813,0.22299382716049382,0.9820018738408764,0.9793937833701126,0.020606216629887427,0.005169327123338112,0.004370662453373114,0.8811689273220868,1.49,0.395,0.036839393562929965,0.5140330728659392,0.0,0.8815910763221356,1.49,0.395,0.036183511103518154,0.5161879502661797,0.0
pantompkins1985+promac,4839,409.2253342586434,19804.14285714286,0.0,5.712277514306756,140.71428571428572,0.0,11.534832451499119,12.643408289241622,11.370260141093475,0.3317901234567901,0.9856279215157988,0.9710679964965981,0.02893200350340187,0.011064560534218556,0.005070194168104585,0.8811689273220868,1.49,0.395,0.036839393562929965,0.5140330728659392,0.0,0.8825132362505459,1.48,0.39625,0.037681089220418795,0.3822782581663083,0.0
pantompkins1985+promac_optimized,5760,123.26407551826972,17671.85714285714,0.0,1.9234245142393784,132.71428571428572,0.0,11.534832451499119,11.929453262786597,11.398148148148149,0.2534171075837742,0.9880388784870469,0.9770292273808775,0.02297077261912245,0.005165211282364184,0.004367429054309946,0.8811689273220868,1.49,0.395,0.036839393562929965,0.5140330728659392,0.0,0.881684238527809,1.49,0.395,0.03672940925016876,0.3949247466993624,0.0
pantompkins1985+rodrigues2021+Kubios,2196,46.04215862836443,17338.454545454544,0.0,1.7109065175752447,116.27272727272728,0.0,11.534832451499119,12.915013227513228,11.424382716049383,0.9884259259259259,0.9910848672629282,0.9197398044774461,0.08026019552255395,0.011378233365949857,0.004359164389146073,0.8811689273220868,1.49,0.395,0.036839393562929965,0.5140330728659392,0.0,0.8818552535283698,1.48,0.395,0.03642827692847827,0.4879036790187178,0.0
pantompkins1985+rodrigues2021,1371,86.34258235263856,18511.153846153848,0.0,1.9856947592621232,128.07692307692307,0.0,11.534832451499119,13.196869488536155,11.728174603174603,0.9664902998236331,1.0180642098194994,0.9233221939346279,0.0766778060653723,0.011548731406119853,0.004628750303355872,0.8811689273220868,1.49,0.395,0.036839393562929965,0.5140330728659392,0.0,0.881337780943804,1.48,0.395,0.03657352802229148,0.4775667492612943,0.0
pantompkins1985+zong2003+Kubios,2211,163.77650980294518,15738.285714285714,0.3636363636363636,3.944030217246427,125.42857142857144,0.3636363636363636,11.534832451499119,14.67283950617284,10.066358024691358,1.5325176366843034,0.8612675622623447,0.8622835748638753,0.1377164251361248,0.01676100906637484,0.006003492627809353,0.8811689273220868,1.49,0.395,0.036839393562929965,0.5140330728659392,0.0,0.8787249195631602,1.48,0.3960869565217392,0.042198898486752276,0.6010407640085654,0.0
pantompkins1985+zong2003,2083,164.99178303552387,15738.285714285714,0.4,3.9191361517363865,125.42857142857144,0.4,11.534832451499119,14.618606701940035,10.711089065255733,1.3022486772486772,0.9272172703142045,0.8893336604037437,0.11066633959625631,0.016669634431995504,0.005865648057282822,0.8811689273220868,1.49,0.395,0.036839393562929965,0.5140330728659392,0.0,0.8870050709042121,1.48,0.3960869565217392,0.04380578445641094,0.4665083064640972,0.0
Raw+christov2004+Kubios,4175,969.1786338928121,21187.166666666668,0.6666666666666666,12.81805777223442,145.5,0.5,11.534832451499119,11.75947971781305,10.738095238095237,0.6576278659611993,0.929105624951675,0.9407971977649618,0.05920280223503815,0.014676016636650002,0.007259010166140474,0.8811689273220868,1.49,0.395,0.036839393562929965,0.5140330728659392,0.0,0.8809234701551398,1.48,0.3947826086956522,0.03638580058938255,0.4683268089699756,0.0
Raw+christov2004,4027,1003.3436798770734,21443.0,0.6666666666666666,13.100922893355692,146.33333333333334,0.5,11.534832451499119,11.790674603174603,10.850198412698413,0.6236772486772487,0.9395709032675421,0.9443773942390813,0.05562260576091875,0.014630452879699883,0.0072203691570304155,0.8811689273220868,1.49,0.395,0.036839393562929965,0.5140330728659392,0.0,0.8809572682860689,1.48,0.3947826086956522,0.037228188233068546,0.4683268089699756,0.0
Raw+elgendi2010+Kubios,3887,601.7558572191517,36748.444444444445,0.0,8.934850012493046,188.66666666666663,0.0,11.534832451499119,12.626322751322752,9.44400352733686,0.6791225749559083,0.8058692070133473,0.9279041576130425,0.07209584238695774,0.0027356096822475553,0.0032685806762584764,0.8811689273220868,1.49,0.395,0.036839393562929965,0.5140330728659392,0.0,0.8806395521346695,1.49,0.4318181818181817,0.041554799307562576,0.5138417395787669,0.0
Raw+elgendi2010,3768,620.0130149484315,36748.444444444445,0.0,9.055066135158613,188.66666666666663,0.0,11.534832451499119,12.626984126984127,9.586750440917108,0.6492504409171076,0.8192798450314743,0.9313454533106503,0.06865454668934978,0.002616661302673923,0.0030668188354611896,0.8811689273220868,1.49,0.395,0.036839393562929965,0.5140330728659392,0.0,0.8830185783048465,1.49,0.4318181818181817,0.04449309242156125,0.5138417395787669,0.0
Raw+hamilton2002+Kubios,3364,448.17975160930126,11534.625,1.7692307692307692,9.458367290004388,106.125,0.8461538461538461,11.534832451499119,12.684634038800706,8.307429453262786,3.484126984126984,0.7083025470091118,0.7116285444354263,0.28837145556457366,0.02740562488699384,0.008423876633196624,0.8811689273220868,1.49,0.395,0.036839393562929965,0.5140330728659392,0.0,0.8792330795948275,1.48,0.4108695652173912,0.05513720563074296,0.5444722215136416,0.0
Raw+hamilton2002,3042,539.6641909653182,11534.625,1.6923076923076923,10.446005835919353,106.125,0.7692307692307693,11.534832451499119,12.685515873015873,8.393408289241622,3.42228835978836,0.7162200939709333,0.7170007103502761,0.2829992896497239,0.0274631414865692,0.008382961700267734,0.8811689273220868,1.49,0.395,0.036839393562929965,0.5140330728659392,0.0,0.8801671161797402,1.48,0.4108695652173912,0.058068811765626144,0.5444722215136416,0.0
Raw+kalidas2017+Kubios,4091,961.2982219517893,18987.14285714286,0.0769230769230769,13.904018631569771,137.71428571428572,0.0769230769230769,11.534832451499119,12.311838624338625,10.419973544973544,0.7073412698412699,0.8987310331722165,0.9338279497018888,0.06617205029811132,0.02139909549672481,0.003830609207410934,0.8811689273220868,1.49,0.395,0.036839393562929965,0.5140330728659392,0.0,0.8795846197579295,1.48,0.3945833333333333,0.036315081707314116,0.4879036790187178,0.0
Raw+kalidas2017,3732,1046.7176842861581,18987.14285714286,0.0769230769230769,14.856250012458363,137.71428571428572,0.0769230769230769,11.534832451499119,12.348434744268078,10.663690476190476,0.6264329805996472,0.9223774335304766,0.9417836903363169,0.0582163096636832,0.02136722665545043,0.003690371368908747,0.8811689273220868,1.49,0.395,0.036839393562929965,0.5140330728659392,0.0,0.8825027993912119,1.48,0.3945833333333333,0.03822544786362936,0.5398379386445529,0.0
Raw+koka2022+Kubios,5029,653.3632912055451,32657.0,0.0,8.678916782273111,146.27272727272728,0.0,11.534832451499119,12.077932098765432,10.492724867724867,0.8070987654320988,0.9053013008342289,0.9270258026414528,0.07297419735854721,0.0027801701726576744,0.0032889260716406177,0.8811689273220868,1.49,0.395,0.036839393562929965,0.5140330728659392,0.0,0.8801432791452544,1.48,0.3952173913043478,0.03682566541503063,0.5868986283848344,0.0
Raw+koka2022,4833,677.2711861954878,32657.0,0.0,8.876985112631946,146.27272727272728,0.0,11.534832451499119,12.096340388007055,10.680335097001764,0.7299382716049383,0.9239520258111247,0.9343784600679007,0.06562153993209931,0.002616983950861072,0.003048282917358182,0.8811689273220868,1.49,0.395,0.036839393562929965,0.5140330728659392,0.0,0.8828904353327578,1.48,0.3952173913043479,0.038310970168405456,0.5868986283848344,0.0
Raw+martinez2004+Kubios,1341,686.2926914647236,17557.714285714286,0.0,10.478298824883556,132.28571428571428,0.0,11.534832451499119,5.767746913580247,4.317019400352733,1.3424823633156966,0.3701145941626856,0.608529423741064,0.25544764856934166,0.0019901857718592946,0.0021682147945452737,0.7594430005971982,1.4625,0.0,0.03153537681516476,0.3832159240486288,0.0,0.6942644742402583,1.49,0.0,0.04488711772172415,0.7848885271170677,0.0
Raw+martinez2004,1103,736.3294714478365,17557.714285714286,0.0,10.676278023450841,132.28571428571428,0.0,11.534832451499119,5.703152557319224,4.288690476190476,1.3298059964726632,0.36770611505589923,0.608535368646149,0.25544170366425656,0.0018720536655168528,0.0019717150475290963,0.7594430005971982,1.4625,0.0,0.03153537681516476,0.3832159240486288,0.0,0.6952918634902729,1.49,0.0,0.04900733526931289,0.7848885271170677,0.0
Raw+nabian2018+Kubios,3417,753.1834279963641,21531.0,0.25,9.520562067083647,146.66666666666666,0.25,11.534832451499119,10.758377425044092,10.490961199294533,0.09016754850088184,0.9108880628941773,0.9898053713323225,0.01019462866767761,0.011703503091559367,0.003253828531904869,0.8811689273220868,1.49,0.395,0.036839393562929965,0.5140330728659392,0.0,0.8823807469358264,1.48,0.4314999999999999,0.035458998756594334,0.5303300858899106,0.0
Raw+nabian2018,3417,762.2089032259439,21736.33333333333,0.25,9.57552882016278,147.33333333333334,0.25,11.534832451499119,10.757716049382717,10.537367724867725,0.08873456790123457,0.9150034860582561,0.9899617191242522,0.010038280875747808,0.011589283595752136,0.0029900611086007955,0.8811689273220868,1.49,0.395,0.036839393562929965,0.5140330728659392,0.0,0.8825049606970371,1.48,0.4273333333333333,0.03661654671731802,0.5303300858899106,0.0
Raw+Neurokit+Kubios,5844,847.0677959229614,19579.571428571428,0.0,9.827079204760993,139.85714285714286,0.0,11.534832451499119,11.336529982363317,11.10460758377425,0.009479717813051146,0.9631860391253156,0.9990291267986374,0.0009708732013626194,0.00281030309644856,0.00337697340646719,0.8811689273220868,1.49,0.395,0.036839393562929965,0.5140330728659392,0.0,0.881317859362073,1.48,0.395,0.035300000003576526,0.6717514421272202,0.0
Raw+Neurokit,5800,856.7286846862364,19579.571428571428,0.0,9.871193557570948,139.85714285714286,0.0,11.534832451499119,11.3451278659612,11.15244708994709,0.009369488536155202,0.9674160163816216,0.9990582071269901,0.0009417928730098042,0.002603436641077368,0.0030660000800698537,0.8811689273220868,1.49,0.395,0.036839393562929965,0.5140330728659392,0.0,0.8815241480460175,1.48,0.395,0.036503315402471856,0.5149077587296583,0.0
Raw+pantompkins1985+Kubios,4140,553.1612624367733,36205.25,0.7,10.013349350546752,178.5,0.5,11.534832451499119,11.773258377425044,7.171406525573192,1.8251763668430334,0.6136962737555363,0.7841465124603014,0.21585348753969855,0.024813299864416907,0.009594998831131126,0.8811689273220868,1.49,0.395,0.036839393562929965,0.5140330728659392,0.0,0.9017157062147285,1.49,0.4104347826086955,0.07645163866948046,0.6929646455628167,0.0
Raw+pantompkins1985,3716,631.2367999998572,36205.25,0.7,10.771881831608733,178.5,0.5,11.534832451499119,11.741512345679013,7.197420634920635,1.7903439153439153,0.6164965955882241,0.7875995219777214,0.21240047802227863,0.024797102405939773,0.009546761241020704,0.8811689273220868,1.49,0.395,0.036839393562929965,0.5140330728659392,0.0,0.9031108891270382,1.49,0.4104347826086955,0.07888835997897636,0.6929646455628167,0.0
Raw+promac+Kubios,5062,381.12139015753985,17412.0,0.0,5.129902446659604,131.71428571428572,0.0,11.534832451499119,12.379298941798941,11.133156966490299,0.4017857142857143,0.9622971395495709,0.9629962652795214,0.037003734720478576,0.006437251484800156,0.006521820373179122,0.8811689273220868,1.49,0.395,0.036839393562929965,0.5140330728659392,0.0,0.8819405517505943,1.4625,0.3954166666666667,0.03750173300854188,0.4879036790187178,0.0
Raw+promac+Kubios_optimized,6037,304.14737353898994,15734.42857142857,0.0,3.873897824849783,125.28571428571428,0.0,11.534832451499119,11.909281305114638,11.323192239858907,0.2864858906525573,0.9809171768228478,0.9740278822229769,0.025972117777023216,0.002664626909581713,0.003185639677158865,0.8811689273220868,1.49,0.395,0.036839393562929965,0.5140330728659392,0.0,0.8815592148331712,1.48,0.395,0.036300763146566745,0.4949747468305833,0.0
Raw+promac,4806,391.94637974144604,17412.0,0.0,5.193676042252981,131.71428571428572,0.0,11.534832451499119,12.384038800705467,11.268959435626103,0.39186507936507936,0.9758571067607208,0.9647587524389799,0.03524124756102013,0.006311202130367343,0.006399780155572798,0.8811689273220868,1.49,0.395,0.036839393562929965,0.5140330728659392,0.0,0.8824469116271951,1.47,0.3954166666666667,0.03853128787168826,0.5107151848143934,0.0
Raw+promac_optimized,5325,168.7027880351259,15734.42857142857,0.0,2.24270854270756,125.28571428571428,0.0,11.534832451499119,12.011243386243386,11.373897707231041,0.30599647266313934,0.9856336395311933,0.9725469136826498,0.02745308631735022,0.002657672492246129,0.003179108711089842,0.8811689273220868,1.49,0.395,0.036839393562929965,0.5140330728659392,0.0,0.881622011840997,1.48,0.395,0.03706669789301125,0.5149077587296583,0.0
Raw+rodrigues2021+Kubios,1904,49.5210525454003,15716.785714285714,0.0,1.1930992611959657,106.78571428571428,0.0,11.534832451499119,13.521715167548502,11.452491181657848,1.062389770723104,0.9941618696558999,0.9147394325443087,0.08526056745569129,0.005868321380363305,0.005434346892974777,0.8811689273220868,1.49,0.395,0.036839393562929965,0.5140330728659392,0.0,0.881612515307286,1.48,0.395,0.037888048712720335,0.3822302970723279,0.0
Raw+rodrigues2021,1182,85.42879243216434,15716.785714285714,0.0,1.4410973770080717,106.78571428571428,0.0,11.534832451499119,13.794863315696649,11.812279541446209,1.025242504409171,1.0260628582177032,0.919751360038376,0.08024863996162403,0.005977366981391294,0.0056038973485460645,0.8811689273220868,1.49,0.395,0.036839393562929965,0.5140330728659392,0.0,0.881038322997092,1.48,0.395,0.03748552304574106,0.508546949651652,0.0
Raw+zong2003+Kubios,2012,378.1041847490789,17671.85714285714,0.0,5.92335279747072,132.71428571428572,0.0,11.534832451499119,15.411044973544973,9.49592151675485,1.865410052910053,0.8016738514954417,0.8318822101623493,0.16811778983765077,0.008862865633766346,0.005280034750671181,0.8811689273220868,1.49,0.395,0.036839393562929965,0.5140330728659392,0.0,0.867513184800824,1.49,0.3952173913043479,0.03763894866363262,0.5080682368868706,0.0
Raw+zong2003,1890,384.6506819389236,17671.85714285714,0.0,5.928574836497618,132.71428571428572,0.0,11.534832451499119,15.312610229276896,10.593805114638448,1.3759920634920635,0.9140978930566772,0.8820353522648485,0.11796464773515153,0.008531119141142667,0.0050577961395931745,0.8811689273220868,1.49,0.395,0.036839393562929965,0.5140330728659392,0.0,0.8837950117078454,1.49,0.3952173913043479,0.03973717725206323,0.5080682368868706,0.0
